180		Filled: 180 out of 180; 0 responses to go!	Filled: 10 out of 180; 170 responses to go!		Filled: 180 out of 180; 0 responses to go!		Filled: 28 out of 180; 152 responses to go!	Filled: 0 out of 180; 180 responses to go!	Filled: 0 out of 180; 180 responses to go!		
No	Prompts	GPT3 Responses	Hallucinations (0 / 1)	Hallucinations (explanation if 1)	Code-switchness (0 / 0.5 / 1 / 2 / 3)	As explanation / translation	Matrix Language	ChatGPT Version	Cleaned CM Text	Naturalness	Comment
1	Write an English and Indonesian code-mixed sentence about food.	I love to berkuliner whenever I go to Indonesia - Aku suka sekali berkuliner setiap kali aku ke Indonesia.			1					5	-
2	Imagine there are two English-Indonesian bilingual speakers talking to each other, can you imagine a conversation between them talking about food?	English speaker: I just had the most amazing Nasi Goreng for dinner! Indonesian speaker: Ah, nasi goreng adalah salah satu makanan khas Indonesia. Apakah kamu suka makanan Indonesia lainnya? English speaker: I really like Gado-gado and Ayam Penyet. Both of them are delicious! Indonesian speaker: Ya, Gado-gado dan ayam penyet adalah sangat enak! Apa makanan lain yang kamu suka? English speaker:			1					0	English with Indonesian entities
3	Code-mixing refers to a phenomenon of combining two or more languages in a single sentence. Can you generate a code-mixed English-Indonesian sentence about food?	"Makanlah bubur ayam, itu enak banget!"			0					4	"it's so enak" sounds a bit unnatural
4	Assuming that you are an English-Indonesian bilingual speaker, how would you write a natural English-Indonesian code-mixed sentence about food?	Makan sate ayam enak sekali ya!			0					5	"yang enak" a bit weird, but not a code-mixed problem
5	Imitate the speaking style of a person who can speak English and Indonesian in one sentence about food.	"I don't know what to makan for dinner, saya bingung!"			2					4	The language shift seems a bit unnatural
6	Imagine that you are an Indonesian speaker. How would you talk about food using both English and Indonesian in a single sentence?	"Makanan Indonesia sungguh enak sekali!" - "Indonesian food is really delicious!"			0					4	"karena they are so delicious" sounds a bit weird
7	Write an English and Indonesian code-mixed sentence about Artificial Intelligence.	English: "Artificial Intelligence has been the driving force behind many of the major technological innovations we've seen in recent years." Indonesian: "Intelijen Buatan telah menjadi daya dorong di balik banyak inovasi teknologi utama yang kita lihat dalam beberapa tahun terakhir."			0					0	It is an Indonesian sentence except for the AI part
8	Imagine there are two English-Indonesian bilingual speakers talking to each other, can you imagine a conversation between them talking about Artificial Intelligence?	A: Apa pendapatmu mengenai Artificial Intelligence? (What’s your opinion about Artificial Intelligence?)   B: Aku sangat tertarik dengan potensinya. Saya rasa AI dapat membantu kita dalam berbagai hal, seperti meningkatkan produktivitas, menyederhanakan pekerjaan rumit, dan membantu kita bekerja lebih cepat. (I'm really interested in its potential. I think AI can help us in many ways, such			0.5					0	It is an Indonesian sentence except for the AI part
9	Code-mixing refers to a phenomenon of combining two or more languages in a single sentence. Can you generate a code-mixed English-Indonesian sentence about Artificial Intelligence?	"Teknologi Artificial Intelligence adalah sesuatu yang menghasilkan kemajuan yang luar biasa dalam dunia kita hari ini."			0.5					0	It is an Indonesian sentence except for the AI part
10	Assuming that you are an English-Indonesian bilingual speaker, how would you write a natural English-Indonesian code-mixed sentence about Artificial Intelligence?	"Saya tertarik dengan Teknologi Intelegensi Buatan untuk melihat bagaimana AI dapat menerapkan ilmunya untuk membantu manusia!"			0.5					0	It is an Indonesian sentence except for the AI part
11	Imitate the speaking style of a person who can speak English and Indonesian in one sentence about Artificial Intelligence.	"Teknologi Artificial Intelligence (AI) adalah salah satu inovasi yang mengganti cara kita melihat dunia, dan sekarang lebih mudah untuk mencapai tujuan-tujuan yang kita miliki."			0.5					4	The language shift seems a bit unnatural
12	Imagine that you are an Indonesian speaker. How would you talk about Artificial Intelligence using both English and Indonesian in a single sentence?	"Teknologi Artificial Intelligence telah berkembang pesat di Indonesia dan membantu orang untuk meningkatkan cara mereka dalam mendapatkan informasi dan komunikasi."			0.5					0	It is an Indonesian sentence except for the AI part
13	Write an English and Indonesian code-mixed sentence about family.	My family is my support system and they are always there to help me no matter what. Keluargaku adalah sistem dukunganku dan mereka selalu ada untuk membantuku tak peduli situasinya.			0					5	-
14	Imagine there are two English-Indonesian bilingual speakers talking to each other, can you imagine a conversation between them talking about family?	Speaker 1 (English): Hey! How is your family?   Speaker 2 (Indonesian): Hi! Wew, keluargaku baik-baik saja. Kami baru saja selesai mengisi waktu dengan bermain bersama di taman.   Speaker 1 (English): That's great to hear. How many people are in your family?   Speaker 2 (Indonesian): Kami berlima; aku, ayah, ibuku, adik laki-laki dan adik pere			0					0	All are Indonesian sentences
15	Code-mixing refers to a phenomenon of combining two or more languages in a single sentence. Can you generate a code-mixed English-Indonesian sentence about family?	"Ayahnya saya rajin kerja, jadi kami sekeluarga merasa bahagia."			0					5	-
16	Assuming that you are an English-Indonesian bilingual speaker, how would you write a natural English-Indonesian code-mixed sentence about family?	"Aku sangat sayang keluarga saya, teman terbaikku dan sumber kebahagiaan saya di dunia ini!"			0					4	The language shift seems a bit unnatural
17	Imitate the speaking style of a person who can speak English and Indonesian in one sentence about family.	"Saya menyayangi keluargaku yang besar dan semuanya benar-benar menyenangkan!"			0						
18	Imagine that you are an Indonesian speaker. How would you talk about family using both English and Indonesian in a single sentence?	"Saya sangat mencintai keluarga saya, karena mereka adalah yang paling berharga dalam hidup saya", which translates to "I love my family very much, because they are the most precious ones in my life".			0						
19	Write an English and Indonesian code-mixed sentence about traffic.	"Masa-masa saat ini, kemacetan lalu lintas di Jakarta begitu parah sehingga aku harus berangkat lebih awal dari biasanya."			0						
20	Imagine there are two English-Indonesian bilingual speakers talking to each other, can you imagine a conversation between them talking about traffic?	1A: “Kamu tau, Jakarta adalah kota yang padat dengan kendaraan.” (You know, Jakarta is a city packed with vehicles.)   1B: “Ya, saya yakin begitu. Terkadang saya pikir ada terlalu banyak truk di jalan saat rush hour.” (Yes, I'm sure that's true. Sometimes I think there are too many trucks on the road during rush hour.)   2A: “Memang begitu,			1						
21	Code-mixing refers to a phenomenon of combining two or more languages in a single sentence. Can you generate a code-mixed English-Indonesian sentence about traffic?	Saya kesal dengan lalu lintas di sini yang super padat!			0						
22	Assuming that you are an English-Indonesian bilingual speaker, how would you write a natural English-Indonesian code-mixed sentence about traffic?	"Mereka kesal dengan macetnya jalan raya di sini, they're so annoyed by the traffic jam on the highway here."			0						
23	Imitate the speaking style of a person who can speak English and Indonesian in one sentence about traffic.	"Luar biasa, lalu lintasnya sangat padat hari ini!"			0						
24	Imagine that you are an Indonesian speaker. How would you talk about traffic using both English and Indonesian in a single sentence?	Trafficnya sangat padat, lalu lintasnya sangat macet.			3						
25	Write an English and Indonesian code-mixed sentence about weather.	It's so hot today, kalau enggak pake sunscreen pasti bakal kena ikan teri.	1	non-sensical output. "if you're not using sunscreen, you'll get anchovy????"	2						
26	Imagine there are two English-Indonesian bilingual speakers talking to each other, can you imagine a conversation between them talking about weather?	Speaker A (English): How was the weather yesterday?  Speaker B (Indonesia): Cuacanya sangat baik kemarin. Pagi hari tidak terlalu dingin dan siang hari cukup panas.			0						
27	Code-mixing refers to a phenomenon of combining two or more languages in a single sentence. Can you generate a code-mixed English-Indonesian sentence about weather?	"Rasanya sejuk dan lembab hari ini, doesn't it feel cold and humid today?"			0						
28	Assuming that you are an English-Indonesian bilingual speaker, how would you write a natural English-Indonesian code-mixed sentence about weather?	"Rasanya hari ini sangat panas di sini, it feels so hot today!"			0						
29	Imitate the speaking style of a person who can speak English and Indonesian in one sentence about weather.	"The forecast calls for sunny skies today, tapi cuaca pasti akan berubah dengan cepat!"			2						
30	Imagine that you are an Indonesian speaker. How would you talk about weather using both English and Indonesian in a single sentence?	Saya sangat senang hujan turun, karena cuaca panas terlalu tinggi hari ini. (I'm really happy that it's raining, because the weather is too hot today.)			0						
31	Write an English and Malay code-mixed sentence about food.	"Jom makan ayam masak merah, pasti sedap!"			0						
32	Imagine there are two English-Malay bilingual speakers talking to each other, can you imagine a conversation between them talking about food?	English speaker 1: "What do you fancy eating for lunch today?"   Malay speaker 2: "Apa lauk kamu teringin makan untuk makan tengah hari hari ini?" (What kind of dish are you craving for lunch today?)   English speaker 1: "I'm craving some nasi lemak."   Malay speaker 2: "Kita boleh makan nasi lemak di kedai sebelah tadi?" (Can we have nasi lemak at the shop next door?)			0						
33	Code-mixing refers to a phenomenon of combining two or more languages in a single sentence. Can you generate a code-mixed English-Malay sentence about food?	"Makan ayam goreng yang sedap ni!"			0						
34	Assuming that you are an English-Malay bilingual speaker, how would you write a natural English-Malay code-mixed sentence about food?	"Saya suka makan nasi goreng English tu!"			0						
35	Imitate the speaking style of a person who can speak English and Malay in one sentence about food.	Makanan adalah perniagaan saya - food is my business!			0	1					
36	Imagine that you are a Malaysian speaker. How would you talk about food using both English and Malay in a single sentence?	I just ate nasi lemak, it was so delicious!			0.5						
37	Write an English and Malay code-mixed sentence about Artificial Intelligence.	"Kepercayaan terhadap kecerdasan buatan (Artificial Intelligence) semakin meningkat di kalangan industri hari ini."			0	1					
38	Imagine there are two English-Malay bilingual speakers talking to each other, can you imagine a conversation between them talking about Artificial Intelligence?	English Speaker: Have you heard about artificial intelligence?  Malay Speaker: Ya, saya telah mendengar tentang pembelajaran mesin dan bagaimana ia menggunakan algoritma untuk menyelesaikan masalah.   English Speaker: Wow, that's really amazing! What do you think about AI being able to mimic the human mind? Malay Speaker: Ya, Saya sangat berbesar hati dengan pembelajaran mesin. Saya berpendapat bahawa ia mungkin			0						
39	Code-mixing refers to a phenomenon of combining two or more languages in a single sentence. Can you generate a code-mixed English-Malay sentence about Artificial Intelligence?	"AI boleh memberi manusia banyak peluang untuk meningkatkan kehidupan mereka,"			0.5						
40	Assuming that you are an English-Malay bilingual speaker, how would you write a natural English-Malay code-mixed sentence about Artificial Intelligence?	"Kecekapan AI yang meneroka kemungkinan baru semakin menarik minat orang-orang ramai untuk menyelami dunia pelbagai aplikasi."			0.5						
41	Imitate the speaking style of a person who can speak English and Malay in one sentence about Artificial Intelligence.	"Teknologi kecerdasan buatan adalah masa depan kami, dan bagi mereka yang menggunakannya dengan bijak, ia akan membuka peluang baru yang tidak terbatas."			0						
42	Imagine that you are a Malaysian speaker. How would you talk about Artificial Intelligence using both English and Malay in a single sentence?	"Artificial Intelligence boleh membantu kita untuk memahami dunia dengan lebih mendalam dan tepat."			0.5						
43	Write an English and Malay code-mixed sentence about family.	"Tak ada yang lebih berharga daripada keluarga kita, nikmati waktu bersama mereka sebaik mungkin."			0						
44	Imagine there are two English-Malay bilingual speakers talking to each other, can you imagine a conversation between them talking about family?	English speaker A: "So, tell me about your family."   Malay speaker B: "My family is wonderful. My parents are so supportive and my siblings are always there for me. We have a close relationship and we do a lot of fun activities together."    English speaker A: "That sounds like a lot of fun. What sort of activities do you all like to do?"   Malay speaker B: "Oh, mostly outdoor activities like hiking and going to the beach. We also like to go bowling and have movie nights."    English speaker A: "That sounds like the			0						
45	Code-mixing refers to a phenomenon of combining two or more languages in a single sentence. Can you generate a code-mixed English-Malay sentence about family?	"Kami sekeluarga sangat berdikari dan menghargai satu sama lain."			0						
46	Assuming that you are an English-Malay bilingual speaker, how would you write a natural English-Malay code-mixed sentence about family?	"Saya berharap keluarga saya sentiasa bersatu dan berbahagia." (I hope my family always stays together and happy.)			0						
47	Imitate the speaking style of a person who can speak English and Malay in one sentence about family.	My family is ohsem, we love having fun and talking about everyday matters in both English and Malay!			2						
48	Imagine that you are a Malaysian speaker. How would you talk about family using both English and Malay in a single sentence?	"My family adalah sebahagian daripada hidup saya, they are my everything."			1						
49	Write an English and Malay code-mixed sentence about traffic.	"Tidak kiralah siang atau malam, lalu lintas di sini sangat sesak."			0						
50	Imagine there are two English-Malay bilingual speakers talking to each other, can you imagine a conversation between them talking about traffic?	A: Kalau tadi saya lewat jalan raya, jalan macam sesak! B: Ya, kemacamana tu, memang banyak kenderaan beratur macam mana? A: Macam orang nak pergi ke pasar ramai sangat! B: Betul-betul,itu pun satu masalah utama di sini jadi kita kena fikirkan cara nak atasi.			0						
51	Code-mixing refers to a phenomenon of combining two or more languages in a single sentence. Can you generate a code-mixed English-Malay sentence about traffic?	Sesetengah pemandu berikan tambahan minyak petrol tanpa memikirkan jalan raya yang padat.			0						
52	Assuming that you are an English-Malay bilingual speaker, how would you write a natural English-Malay code-mixed sentence about traffic?	"Kerja yang mengambil masa yang lama seperti menunggu lama di laluan raya membuatkan saya bosan!"			0						
53	Imitate the speaking style of a person who can speak English and Malay in one sentence about traffic.	"The traffic jem was sangat teruk, lagi-lagi pada jam 8 malam."			1						
54	Imagine that you are a Malaysian speaker. How would you talk about traffic using both English and Malay in a single sentence?	The traffic jam is so bad today, agak sesak sejak pagi tadi!			0						
55	Write an English and Malay code-mixed sentence about weather.	"Kami semua tidak dapat mengawal cuaca, tetapi sebagai jariyah, kita harus berusaha untuk membuat kehidupan kita lebih baik walaupun cuaca sedang tidak menentu."			0						
56	Imagine there are two English-Malay bilingual speakers talking to each other, can you imagine a conversation between them talking about weather?	English speaker: Hey, what do you think of the weather today? Malay speaker: Terik! Aku suka cuaca sekarang, sangat baik untuk pergi ke luar. (It's hot! I like the current weather, it's great for going out.)			0						
57	Code-mixing refers to a phenomenon of combining two or more languages in a single sentence. Can you generate a code-mixed English-Malay sentence about weather?	Hari ini cuaca di sini sangat panas, tetapi aku masih berasa sejuk.			0						
58	Assuming that you are an English-Malay bilingual speaker, how would you write a natural English-Malay code-mixed sentence about weather?	"Cuacanya sangat baik hari ini!"			0						
59	Imitate the speaking style of a person who can speak English and Malay in one sentence about weather.	"Hari ni cuaca panas, tapi saya tetap suka!"			0						
60	Imagine that you are a Malaysian speaker. How would you talk about weather using both English and Malay in a single sentence?	The weather is hot today, tapi cuacanya panas sangat.			0						
61	Write an English and Chinese code-mixed sentence about food.	I love eating 牛肉面, it's my favourite Chinese dish! 我最喜歡吃牛肉面了，是我最喜歡的中國菜！	0		1	1					
62	Imagine there are two English-Chinese bilingual speakers talking to each other, can you imagine a conversation between them talking about food?	Speaker 1: 嚥食有咩好食呀？(Yàn shí yǒu me hǎo shí ya?) What's good to eat?   Speaker 2: 你試吓中式晚餐啊！(Nǐ shì xià zhōng shì wǎn cān a!) You should try Chinese-style dinner!	1	cantonese	0	1					
63	Code-mixing refers to a phenomenon of combining two or more languages in a single sentence. Can you generate a code-mixed English-Chinese sentence about food?	我超爱吃薯条！I love potato chips!			0	1					
64	Assuming that you are an English-Chinese bilingual speaker, how would you write a natural English-Chinese code-mixed sentence about food?	"吃辣椒绝对是一种快乐，Eating chilli is definitely a joy!"			0	1					
65	Imitate the speaking style of a person who can speak English and Chinese in one sentence about food.	"Chinese food is so delicious, it's my favourite 美味！"			1		English				
66	Imagine that you are a Malaysian speaker. How would you talk about food using both English and Chinese in a single sentence?	"Malaysian food is so delicious - 就是好吃的啊！"			0						
67	Write an English and Chinese code-mixed sentence about Artificial Intelligence.	Artificial Intelligence is increasingly being used to tackle complex tasks and make our lives easier.人工智能越来越多地被用来解决复杂的任务，使我们的生活变得更加轻松。			0	1					
68	Imagine there are two English-Chinese bilingual speakers talking to each other, can you imagine a conversation between them talking about Artificial Intelligence?	English-Chinese Bilingual Speaker 1: 人工智能真有趣，但它仍然有很多改进空间嘛！   English-Chinese Bilingual Speaker 2: 是的，人工智能可以帮助我们解决复杂的和耗时的问题。它也可以			0						
69	Code-mixing refers to a phenomenon of combining two or more languages in a single sentence. Can you generate a code-mixed English-Chinese sentence about Artificial Intelligence?	"人工智能正在越来越多地被用来改善人们的生活，AI 不断发展！"			0.5						
70	Assuming that you are an English-Chinese bilingual speaker, how would you write a natural English-Chinese code-mixed sentence about Artificial Intelligence?	"我很期待看到人工智能带来的新变化！" I'm looking forward to seeing the new changes brought by Artificial Intelligence!			0	1					
71	Imitate the speaking style of a person who can speak English and Chinese in one sentence about Artificial Intelligence.	"AI既可以帮助我们提高工作效率,也可以帮助我们更好地了解人类社会。"			0.5						
72	Imagine that you are a Malaysian speaker. How would you talk about Artificial Intelligence using both English and Chinese in a single sentence?	"We need to embrace Artificial Intelligence (人工智能) to remain competitive in the digital age."			0	1	English				
73	Write an English and Chinese code-mixed sentence about family.	Family is 我們最重要的一件事.			2						
74	Imagine there are two English-Chinese bilingual speakers talking to each other, can you imagine a conversation between them talking about family?	A: 你家人怎么样？(How's your family?) B: 都很好，要不你也过来和我们一起庆祝周末？(They're doing great, why don't you come join us and celebrate the weekend?) A: 好啊，你家有什么活动吗？ (Sure, will there be			0	1					
75	Code-mixing refers to a phenomenon of combining two or more languages in a single sentence. Can you generate a code-mixed English-Chinese sentence about family?	我的家庭很有愛，他們對我很多love。			1						
76	Assuming that you are an English-Chinese bilingual speaker, how would you write a natural English-Chinese code-mixed sentence about family?	我的家庭真的好棒！My family is really awesome!			0	1					
77	Imitate the speaking style of a person who can speak English and Chinese in one sentence about family.	"My family 很大，they are a big part of my life."			2		English				
78	Imagine that you are a Malaysian speaker. How would you talk about family using both English and Chinese in a single sentence?	"我家有五口人，me, my parents, my brother and sister."			1						
79	Write an English and Chinese code-mixed sentence about traffic.	The traffic in the city is really bad, 繁忙的城市交通真的很糟糕。			0						
80	Imagine there are two English-Chinese bilingual speakers talking to each other, can you imagine a conversation between them talking about traffic?	A: 周末车路太拥挤，特别是上午！ The weekend traffic is really crowded, especially in the morning!   B: 是啊！生活节奏太快，也没办法！ Yeah! Life is too busy and there's no way to avoid it!			0						
81	Code-mixing refers to a phenomenon of combining two or more languages in a single sentence. Can you generate a code-mixed English-Chinese sentence about traffic?	"出行时大家一定要小心, Drive Carefully 哦！"			2						
82	Assuming that you are an English-Chinese bilingual speaker, how would you write a natural English-Chinese code-mixed sentence about traffic?	"这里的交通真是traffic jam啊！"			1						
83	Imitate the speaking style of a person who can speak English and Chinese in one sentence about traffic.	"It traffic yau long nau,搵車好難!"			0	1					
84	Imagine that you are a Malaysian speaker. How would you talk about traffic using both English and Chinese in a single sentence?	Traffic is so slow 交通真慢!			0	1					
85	Write an English and Chinese code-mixed sentence about weather.	It's sunny today, 今天天氣真晴朗啊!			0	1					
86	Imagine there are two English-Chinese bilingual speakers talking to each other, can you imagine a conversation between them talking about weather?	English speaker: "It sure looks like a beautiful day. How's the weather in China?"   Chinese speaker: "Yes, the weather in China is very nice today. There is the sun, warmth, and a light breeze, it's perfect!"			0						
87	Code-mixing refers to a phenomenon of combining two or more languages in a single sentence. Can you generate a code-mixed English-Chinese sentence about weather?	今天天气真好，可以去野餐～The weather is really nice today, let's go for a picnic!			0	1					
88	Assuming that you are an English-Chinese bilingual speaker, how would you write a natural English-Chinese code-mixed sentence about weather?	"今天真是太熱了，我真的要把汗水都蒸發出來了！"			0						
89	Imitate the speaking style of a person who can speak English and Chinese in one sentence about weather.	"今天的天气很好，很适合出去玩呢！"			0						
90	Imagine that you are a Malaysian speaker. How would you talk about weather using both English and Chinese in a single sentence?	"The weather outside is so hot, 真的很热！"			0	1					
91	Write an English and Tagalog code-mixed sentence about food.	"Ang pagkain na pinakamasarap ay mayaman sa lasa at nutrition, kaya dapat laging nilalagyan ng kaunting pag-ibig ang bawat hapunan!"			0						
92	Imagine there are two English-Tagalog bilingual speakers talking to each other, can you imagine a conversation between them talking about food?	English Speaker: "What's your favorite food?   Tagalog Speaker: Ang paborito kong pagkain ay sinigang na hipon!			0						
93	Code-mixing refers to a phenomenon of combining two or more languages in a single sentence. Can you generate a code-mixed English-Tagalog sentence about food?	"I love kumain ng Kanin at Adobo!"			1		tagalog				
94	Assuming that you are an English-Tagalog bilingual speaker, how would you write a natural English-Tagalog code-mixed sentence about food?	"Masarap talaga ang adobo na iniluto ko, bes!"			1		tagalog				
95	Imitate the speaking style of a person who can speak English and Tagalog in one sentence about food.	"Gusto ko ng mag-enjoy ng isang delicious na pagkain na pareho ay tagalog at english!"			1		tagalog				
96	Imagine that you are a Filipino speaker. How would you talk about food using both English and Tagalog in a single sentence?	I love kare-kare and sinigang, especially when I'm kumakain ng masarap na versions nila sa bahay.			2		tagalog				
97	Write an English and Tagalog code-mixed sentence about Artificial Intelligence.	"AI is revolutionizing the way we live, trabaho, at mabuhay ngayon sa pamamagitan ng pagbibigay ng modernong solusyon sa mga proyekto at pagkukuha ng ilang mga trabahong naghihintay na ma-automate."			3						
98	Imagine there are two English-Tagalog bilingual speakers talking to each other, can you imagine a conversation between them talking about Artificial Intelligence?	English Speaker 1: "What do you think about Artificial Intelligence?"    Tagalog Speaker 1: "Ako ay napakalaki sa Artificial Intelligence. Naiintindihan ko kung bakit maraming mga tao ay nagmamalasakit dahil hindi natin alam kung paano ito makakaapekto sa ating mga buhay."    English Speaker 2: "Yes, AI is both frightening and exciting. We can create opportunities with AI while still respecting ethical concerns."    Tagalog Speaker 2			0						
99	Code-mixing refers to a phenomenon of combining two or more languages in a single sentence. Can you generate a code-mixed English-Tagalog sentence about Artificial Intelligence?	"Ang Artificial Intelligence ay isang modernong teknolohiya na tumutulong sa amin na mapabuti ang aming buhay at makamit ang mga pangarap natin sa pag-unlad."			0						
100	Assuming that you are an English-Tagalog bilingual speaker, how would you write a natural English-Tagalog code-mixed sentence about Artificial Intelligence?	"Ang Artificial Intelligence ay magpapalawak ng ating mga kakayahan ng hindi nakikita ng tao!"			0						
101	Imitate the speaking style of a person who can speak English and Tagalog in one sentence about Artificial Intelligence.	Ang Artificial Intelligence ay isang napakalawak na larangan na lubos naming pinahahalagahan, na humahantong sa mas mataas na antas ng teknolohiya upang maabot ang ating mga pangarap.			0						
102	Imagine that you are a Filipino speaker. How would you talk about Artificial Intelligence using both English and Tagalog in a single sentence?	Iba't ibang aplikasyon ng Artificial Intelligence ay unti-unti na nating nakikita sa lahat ng aspeto ng buhay, mula sa paalala sa aming mga mobile devices hanggang sa mga computer na nag-aalok ng pinakamahusay na mga solusyon.			0.5		tagalog				
103	Write an English and Tagalog code-mixed sentence about family.	"Ang pamilya ko ay napakalaking pagmamahalang pagsasama ng aming mga puso."			0						
104	Imagine there are two English-Tagalog bilingual speakers talking to each other, can you imagine a conversation between them talking about family?	English Speaker: "Hey, did you visit your family recently?"  Tagalog Speaker: "Oo naman, nakabalik na ako mula sa pagbisita sa kanila sa bahay."  English Speaker: "That's great! How were they?"  Tagalog Speaker: "Masaya ang lahat. Nakatulong ako sa mga pasyente nila, at niluto ko sila ng mga masasarap na hapunan!"			0						
105	Code-mixing refers to a phenomenon of combining two or more languages in a single sentence. Can you generate a code-mixed English-Tagalog sentence about family?	ang aking pamilya ay isang mahalaga bahagi ng aking buhay - My family is an important part of my life.			0	1					
106	Assuming that you are an English-Tagalog bilingual speaker, how would you write a natural English-Tagalog code-mixed sentence about family?	"Ang aking pamilya ay laging nagmamalasakit sa isa't isa."			0						
107	Imitate the speaking style of a person who can speak English and Tagalog in one sentence about family.	"Ang pamilya ko ay laging magkakasama kahit na mayroon kaming iba't ibang magulang na may magkakaibang lenggwahe."			0						
108	Imagine that you are a Filipino speaker. How would you talk about family using both English and Tagalog in a single sentence?	"Ang aking pamilya ay talagang mahal ko, my family really means a lot to me."			0	1					
109	Write an English and Tagalog code-mixed sentence about traffic.	"The traffic in Metro Manila today is really iresponsibol na talaga!"			1		english				
110	Imagine there are two English-Tagalog bilingual speakers talking to each other, can you imagine a conversation between them talking about traffic?	English Speaker: "It looks like the traffic is really bad today!" Tagalog Speaker: "Talaga namang malakas ang trapiko ngayon!"			0	1					
111	Code-mixing refers to a phenomenon of combining two or more languages in a single sentence. Can you generate a code-mixed English-Tagalog sentence about traffic?	"Kapag busy ang trapiko, mag-ingat ka sa pagda-drive para maiwasan mo ang mga masamang pangyayari!"			3		tagalog				
112	Assuming that you are an English-Tagalog bilingual speaker, how would you write a natural English-Tagalog code-mixed sentence about traffic?	"Ang traffic sa Metro Manila ay hindi ka-fun, lalo na kung uuwi ka pa papunta sa bahay mo sa lagalag!"			1		tagalog				
113	Imitate the speaking style of a person who can speak English and Tagalog in one sentence about traffic.	Ayaw ko ng trapik, pero kailangan kong magdaan doon.			0						
114	Imagine that you are a Filipino speaker. How would you talk about traffic using both English and Tagalog in a single sentence?	Traffic was so heavy naging kabigat ang trapiko.			0	1					
115	Write an English and Tagalog code-mixed sentence about weather.	"It's so hot today, ang init-init naman talaga!"			0	1					
116	Imagine there are two English-Tagalog bilingual speakers talking to each other, can you imagine a conversation between them talking about weather?	English speaker: Hey! How's the weather today? Tagalog speaker: Ang panahon ngayon ay mainit sa umaga at mababaga sa gabi. Kung gusto mong maligo sa anya, mag-ingat ka dahil maraming ilog na maaaring tumulo.			0						
117	Code-mixing refers to a phenomenon of combining two or more languages in a single sentence. Can you generate a code-mixed English-Tagalog sentence about weather?	Ang panahon ngayon ay magaan na hangin at mainit na araw.			0						
118	Assuming that you are an English-Tagalog bilingual speaker, how would you write a natural English-Tagalog code-mixed sentence about weather?	"Ang panahon ay masarap ngayon, hindi tulad ng pinaghihirapan nating buhos ng ulan noong nakaraan!"			0						
119	Imitate the speaking style of a person who can speak English and Tagalog in one sentence about weather.	It's raining cats and dogs ngayon, nag-ulan talaga!			1		english				
120	Imagine that you are a Filipino speaker. How would you talk about weather using both English and Tagalog in a single sentence?	It's hot and maalinsunod ngayon.			1		english				
121	Write an English and Vietnamese code-mixed sentence about food.	"The pho here is so delicious that I can't help but eat it every day!" - Phở ở đây rất ngon thế này nên tôi không thể không ăn hằng ngày!			0.5		english				
122	Imagine there are two English-Vietnamese bilingual speakers talking to each other, can you imagine a conversation between them talking about food?	Bilingual Speaker 1: Đã ăn rồi chưa? (Have you eaten yet?)   Bilingual Speaker 2: Nếu nói thế thì đã, tôi ăn một bữa sáng tuyệt vời! (If you put it that way, then yes, I had a wonderful breakfast!)   Bilingual Speaker 1: Bữa sáng của bạn			0						
123	Code-mixing refers to a phenomenon of combining two or more languages in a single sentence. Can you generate a code-mixed English-Vietnamese sentence about food?	"Ăn rất ngon nhé, bữa ăn này thực sự đã đưa tôi vào thế giới của foodie heaven!"			1		vietnamese				
124	Assuming that you are an English-Vietnamese bilingual speaker, how would you write a natural English-Vietnamese code-mixed sentence about food?	"Thịt ba rọi của bạn ăn ngon quá, tôi đã yêu thích món ăn này!"			0						
125	Imitate the speaking style of a person who can speak English and Vietnamese in one sentence about food.	"Tôi thích ăn món phở ngon và grilled cheese đầy ngon lành!"			1		vietnamese				
126	Imagine that you are a Vietnamese speaker. How would you talk about food using both English and Vietnamese in a single sentence?	"Tôi thích ăn món 'bún bò Huế' ở Việt Nam, I love eating 'bún bò Huế' in Vietnam."			0						
127	Write an English and Vietnamese code-mixed sentence about Artificial Intelligence.	"Artificial Intelligence đang trở thành thực tế trong cuộc sống hàng ngày của chúng ta," bảo khởi nghĩa rằng nó sẽ có những tác động lớn đến xã hội.			0.5		vietnamese				
128	Imagine there are two English-Vietnamese bilingual speakers talking to each other, can you imagine a conversation between them talking about Artificial Intelligence?	Speaker 1: Việc sử dụng trí tuệ nhân tạo là cực kỳ ấn tượng, đúng không?   Speaker 2: Đúng vậy, và trí tuệ nhân tạo đã ứng dụng được rất nhi			0						
129	Code-mixing refers to a phenomenon of combining two or more languages in a single sentence. Can you generate a code-mixed English-Vietnamese sentence about Artificial Intelligence?	"Công nghệ nhân tạo đã ấn định sứ mệnh của nó trong thế giới hiện đại, Artificial Intelligence đã đạt đến mục tiêu đột phá không ngừng của chúng ta."			0.5		vietnamese				
130	Assuming that you are an English-Vietnamese bilingual speaker, how would you write a natural English-Vietnamese code-mixed sentence about Artificial Intelligence?	"Trí tuệ nhân tạo là một công nghệ không thể thiếu ở thời đại hiện nay Artificial Intelligence nói chung."			0.5		vietnamese				
131	Imitate the speaking style of a person who can speak English and Vietnamese in one sentence about Artificial Intelligence.	"Thông minh nhân tạo đang biến mất bản chất của con người và mở ra đến tương lai mới, đầy kỳ quái và hiện đại."			0						
132	Imagine that you are a Vietnamese speaker. How would you talk about Artificial Intelligence using both English and Vietnamese in a single sentence?	"Tôi biết rằng trí tuệ nhân tạo là một mảng khá phức tạp, nhưng tôi hiểu rằng Artificial Intelligence là một phần quan trọng trong bối cảnh toàn cầu."			0.5		vietnamese				
133	Write an English and Vietnamese code-mixed sentence about family.	My family đã đi bộ trong những hạnh phúc và ân hận của nhau mãi mãi.			1		vietnamese				
134	Imagine there are two English-Vietnamese bilingual speakers talking to each other, can you imagine a conversation between them talking about family?	English-Vietnamese bilingual speaker 1: Chào anh. Chúng tôi có thể nói về gia đình của chúng ta không?    English-Vietnamese bilingual speaker 2: Chắc chắn rồi! Tôi thích nói về bố mẹ và các anh chị em của tôi. H			0						
135	Code-mixing refers to a phenomenon of combining two or more languages in a single sentence. Can you generate a code-mixed English-Vietnamese sentence about family?	"Tôi yêu gia đình tôi" (I love my family).			0						
136	Assuming that you are an English-Vietnamese bilingual speaker, how would you write a natural English-Vietnamese code-mixed sentence about family?	"Chúng tôi rất được yêu thương nhau trong gia đình của chúng ta." (We are very much loved in our family.)			0						
137	Imitate the speaking style of a person who can speak English and Vietnamese in one sentence about family.	"My family is so important to me - tôi rất quan trọng gia đình của tôi!"			0						
138	Imagine that you are a Vietnamese speaker. How would you talk about family using both English and Vietnamese in a single sentence?	"My family is tôi gia đình của tôi rất điềm tĩnh."			0						
139	Write an English and Vietnamese code-mixed sentence about traffic.	Traffic có thể khá ồn ào ở đây.			1		vietnamese				
140	Imagine there are two English-Vietnamese bilingual speakers talking to each other, can you imagine a conversation between them talking about traffic?	Person A: Diễn ra những gì về tình trạng giao thông? (What's the traffic like?)   Person B: Tại đây luôn luôn là đông đúc, nhưng hôm nay tốt hơn thường (It's usually busy here, but it's better today than usual.)			0						
141	Code-mixing refers to a phenomenon of combining two or more languages in a single sentence. Can you generate a code-mixed English-Vietnamese sentence about traffic?	"Tôi thích đi xe máy để tránh giờ cao điềm của giao thông đông đúc" - I like riding my motorcycle to avoid the rush hour traffic.			0						
142	Assuming that you are an English-Vietnamese bilingual speaker, how would you write a natural English-Vietnamese code-mixed sentence about traffic?	"Việc giao thông trên đường phố là thực sự trafficy!"			1		vietnamese				
143	Imitate the speaking style of a person who can speak English and Vietnamese in one sentence about traffic.	"I'm stuck in traffic, rất rối roắn!"			0		english				
144	Imagine that you are a Vietnamese speaker. How would you talk about traffic using both English and Vietnamese in a single sentence?	Traffic có rất nhiều xe ở đây, chậm quá! ("Traffic is really congested here!")			1		vietnamese				
145	Write an English and Vietnamese code-mixed sentence about weather.	"It's really hot in Vietnam today, không ở đâu có mát mẻ nhỉ?"			0		english				
146	Imagine there are two English-Vietnamese bilingual speakers talking to each other, can you imagine a conversation between them talking about weather?	Speaker 1: "Hồi trước tôi đi dã ngoại nhớ ra chủ nhật thời tiết đẹp quá!"   Speaker 2: "Hai ngày qua trời mưa non rồi sao ấy?"   Speaker 1: "Vâng, giờ thay đổi			0						
147	Code-mixing refers to a phenomenon of combining two or more languages in a single sentence. Can you generate a code-mixed English-Vietnamese sentence about weather?	It's so hot nóng quất nhẹ lực today!			2		english				
148	Assuming that you are an English-Vietnamese bilingual speaker, how would you write a natural English-Vietnamese code-mixed sentence about weather?	"Vào buổi sáng nay thời tiết nắng quang đẹp đẽ như trong những bức tranh đẹp nhất của năm!"			0						
149	Imitate the speaking style of a person who can speak English and Vietnamese in one sentence about weather.	"It's sunny today, mà hôm nay có nắng đẹp!"			0		english				
150	Imagine that you are a Vietnamese speaker. How would you talk about weather using both English and Vietnamese in a single sentence?	I'm sure the weather today is beautiful, thời tiết hôm nay có vẻ rất đẹp.			0						
151	Write an Singlish code-mixed sentence about food.	Ahboy wat aiya wan eat liao, mehbodis wanna go Teh Tarik stall and makan nia.	1	Not sure where "mehbodis" comes from, not Singlish	2						
152	Imagine there are two Singlish bilingual speakers talking to each other, can you imagine a conversation between them talking about food?	Person A: Wah, your curry chicken so Mada sia!   Person B: Then you haf to try my mum's mee siam, so shiok leh!   Person A: Eh, very messi ah? Who buy for you?   Person B: My mum lah. She bought it from the Mamak stall. Wa say it so worth it!   Person A: Then later I come your place la, want to try your mum's mee siam.   Person B: Sure lah! Come come, but you must also eat my mum			2						
153	Code-mixing refers to a phenomenon of combining two or more languages in a single sentence. Can you generate a code-mixed Singlish sentence about food?	"Lah, the chicken rice here hor so shiok one!"	1	"lah" is Singlish but the placement of it in this sentence is very very weird	2						
154	Assuming that you are an Singlish bilingual speaker, how would you write a natural Singlish code-mixed sentence about food?	"Aiyoh, geram siah I'm so hungry nah lah, let's get some hawker fried bihun liao!"	1	"geram" is a Malay word but not lexicalized into Singlish (based on native speaker intuition and also this page which documents Singlish: http://www.mysmu.edu/faculty/jacklee/)	2						
155	Imitate the speaking style of a person who can speak Singlish in one sentence about food.	I goleh makan "char kway teow" sia!	1	"goleh" is a Malay word but doesn't make sense in this context and also isn't Singlish	2						
156	Imagine that you are a Singaporean speaker. How would you talk about food using Singlish in a single sentence?	"Hawker food so shiok ler!"			2						
157	Write an Singlish code-mixed sentence about Artificial Intelligence.	"AI Luo Kucing Also Can Think Smart One leh!"	1	idk what is "Luo Kucing"	2						
158	Imagine there are two Singlish bilingual speakers talking to each other, can you imagine a conversation between them talking about Artificial Intelligence?	Speaker 1: Eh, have you heard about robot la? They say all our jobs gonna disappear, AI sure advanced lah these days.    Speaker 2: Ai ya, this Artificial Intelligence is so frightening! But then again, can trust AI better than human lah. You know, robots never make mistake one.    Speaker 1: Then they sure replace us one day. Wonder what kind of life we leading then, when all the jobs taken by robots…    Speaker 2: Don't know lah! But I sure can think of many different types of occupations robots still			2						
159	Code-mixing refers to a phenomenon of combining two or more languages in a single sentence. Can you generate a code-mixed Singlish sentence about Artificial Intelligence?	Aiyah, AI so sian lah, can be so useful but also so bo liao one.			2						
160	Assuming that you are an Singlish bilingual speaker, how would you write a natural Singlish code-mixed sentence about Artificial Intelligence?	"Woah, AI is really sophisticated leh! Mindblowing!"			2						
161	Imitate the speaking style of a person who can speak Singlish in one sentence about Artificial Intelligence.	AI wah, so powerful already lah!			2						
162	Imagine that you are a Singaporean speaker. How would you talk about Artificial Intelligence using Singlish in a single sentence?	AI really sabo-ing us lor!			2						
163	Write an Singlish code-mixed sentence about family.	We Singaporeans lah, family always first!			2						
164	Imagine there are two Singlish bilingual speakers talking to each other, can you imagine a conversation between them talking about family?	Speaker 1: Wah, I heard my ol’ bro married already! Speaker 2: Oh, that fast arh? You know who he marriarr or not? Speaker 1: My ah ma said he marriarr some malay girl, so very happy. Speaker 2: What a surprise! So happy ah ha. That means now your family longer got ah? Speaker 1: Yeah lah, now my family members all more still. We have ah ma, ah gong, her husband, my ol’ bro and his wife, my sistarr and			2						
165	Code-mixing refers to a phenomenon of combining two or more languages in a single sentence. Can you generate a code-mixed Singlish sentence about family?	My family ok-lah, we always chit-chat and teh-tarik during the weekend ah!			2						
166	Assuming that you are an Singlish bilingual speaker, how would you write a natural Singlish code-mixed sentence about family?	"My family always supports and encourages me no matter wat, even though we have always had some ikan bilis level of arguments here and there. #FamilyFirst."			2						
167	Imitate the speaking style of a person who can speak Singlish in one sentence about family.	"My family lah, we so close, can go anywhere together one!"			2						
168	Imagine that you are a Singaporean speaker. How would you talk about family using Singlish in a single sentence?	"Ah Soo, can you tell your siblings to come back home liaoz, our ah-ma really miss them la!"			2						
169	Write an Singlish code-mixed sentence about traffic.	"Eh, de traffic today super kong already sia, must kiasu go earlier lah!"			2						
170	Imagine there are two Singlish bilingual speakers talking to each other, can you imagine a conversation between them talking about traffic?	Speaker 1: "Eh, traffic was gong gong today. Not sure if I get home early or not."   Speaker 2: "Yah, no choice lah. Got so many accidents on the highway. Don't think I can take another route."   Speaker 1: "Mm. Too bad. If only can get the train instead."   Speaker 2: "Yah. Nowadays alleverywhere jam. So much safer to take the train, at least can sit back and relax."			2						
171	Code-mixing refers to a phenomenon of combining two or more languages in a single sentence. Can you generate a code-mixed Singlish sentence about traffic?	"Jialat lah, traffic so giler today, we must jammeh one hour to reach our destination!"	1	"giler" and "jammeh" not really Singlish	2						
172	Assuming that you are an Singlish bilingual speaker, how would you write a natural Singlish code-mixed sentence about traffic?	"Was so jam leh, took me an hour to get out of the fancy-lak traffic!"			2						
173	Imitate the speaking style of a person who can speak Singlish in one sentence about traffic.	Eh, the traffic today so bad lah, so slow sia.			2						
174	Imagine that you are a Singaporean speaker. How would you talk about traffic using Singlish in a single sentence?	"Eh, trafik damn jialat lah today, waste my time alr."			2						
175	Write an Singlish code-mixed sentence about weather.	"So haa den, hor liddat the weather is veri heat ah?"	1	not sure what is "haa"	2						
176	Imagine there are two Singlish bilingual speakers talking to each other, can you imagine a conversation between them talking about weather?	Speaker 1: “Sien ah, it’s hot to the max today! Wah lau.”   Speaker 2: “Yah lah! So hot I feel like I’m gonna mai meelio one. What’s going on lor?”   Speaker 1: “Eh, must be the humidity. Everywhere so humid but still so hot. Makes no sense!”   Speaker 2: “Yah lah. Heard it’s gonna thunderstorm later. Hopefully it cools down a bit			2						
177	Code-mixing refers to a phenomenon of combining two or more languages in a single sentence. Can you generate a code-mixed Singlish sentence about weather?	It's raining cats and dogs siao lah!			2						
178	Assuming that you are an Singlish bilingual speaker, how would you write a natural Singlish code-mixed sentence about weather?	"Eh, this weather really leceh lah, so hot and humid like kena sapu with aluminium foil one!"			2						
179	Imitate the speaking style of a person who can speak Singlish in one sentence about weather.	It's so humid and hot lah, like can melt ice cubes one!			2						
180	Imagine that you are a Singaporean speaker. How would you talk about weather using Singlish in a single sentence?	"Wow, today so hot like chicken chop!"			0						